"Status","Start Time","Stop Time","Duration in ms","Parent Suite","Suite","Sub Suite","Test Class","Test Method","Name","Description"
"passed","Sun Jan 31 20:29:04 CST 2021","Sun Jan 31 20:29:04 CST 2021","1","testcases","test_calc","TestCalcutor","","","test_sub[float]",""
"passed","Sun Jan 31 20:29:04 CST 2021","Sun Jan 31 20:29:04 CST 2021","1","testcases","test_calc","TestCalcutor","","","test_sub[int]",""
"passed","Sun Jan 31 20:29:04 CST 2021","Sun Jan 31 20:29:04 CST 2021","1","testcases","test_calc","TestCalcutor","","","test_mul[bigint]",""
"passed","Sun Jan 31 20:29:04 CST 2021","Sun Jan 31 20:29:04 CST 2021","1","testcases","test_calc","TestCalcutor","","","test_div[minus]",""
"passed","Sun Jan 31 20:29:04 CST 2021","Sun Jan 31 20:29:04 CST 2021","1","testcases","test_calc","TestCalcutor","","","test_div[int]",""
"passed","Sun Jan 31 20:29:04 CST 2021","Sun Jan 31 20:29:04 CST 2021","0","testcases","test_calc","TestCalcutor","","","test_div[bigint]",""
"passed","Sun Jan 31 20:29:04 CST 2021","Sun Jan 31 20:29:04 CST 2021","0","testcases","test_calc","TestCalcutor","","","test_mul[float]",""
"passed","Sun Jan 31 20:29:04 CST 2021","Sun Jan 31 20:29:04 CST 2021","1","testcases","test_calc","TestCalcutor","","","test_add[minus]",""
"passed","Sun Jan 31 20:29:04 CST 2021","Sun Jan 31 20:29:04 CST 2021","1","testcases","test_calc","TestCalcutor","","","test_add[float]",""
"passed","Sun Jan 31 20:29:04 CST 2021","Sun Jan 31 20:29:04 CST 2021","0","testcases","test_calc","TestCalcutor","","","test_sub[minus]",""
"broken","Sun Jan 31 20:29:04 CST 2021","Sun Jan 31 20:29:04 CST 2021","1","testcases","test_calc","TestCalcutor","","","test_div[failed]",""
"failed","Sun Jan 31 20:29:04 CST 2021","Sun Jan 31 20:29:04 CST 2021","1","testcases","test_calc","TestCalcutor","","","test_sub[failed]",""
"failed","Sun Jan 31 20:29:04 CST 2021","Sun Jan 31 20:29:04 CST 2021","1","testcases","test_calc","TestCalcutor","","","test_mul[failed]",""
"passed","Sun Jan 31 20:29:04 CST 2021","Sun Jan 31 20:29:04 CST 2021","0","testcases","test_calc","TestCalcutor","","","test_sub[bigint]",""
"passed","Sun Jan 31 20:29:04 CST 2021","Sun Jan 31 20:29:04 CST 2021","1","testcases","test_calc","TestCalcutor","","","test_mul[int]",""
"passed","Sun Jan 31 20:29:04 CST 2021","Sun Jan 31 20:29:04 CST 2021","1","testcases","test_calc","TestCalcutor","","","test_add[bigint]",""
"passed","Sun Jan 31 20:29:04 CST 2021","Sun Jan 31 20:29:04 CST 2021","0","testcases","test_calc","TestCalcutor","","","test_add[int]",""
"passed","Sun Jan 31 20:29:04 CST 2021","Sun Jan 31 20:29:04 CST 2021","0","testcases","test_calc","TestCalcutor","","","test_mul[minus]",""
"failed","Sun Jan 31 20:29:04 CST 2021","Sun Jan 31 20:29:04 CST 2021","0","testcases","test_calc","TestCalcutor","","","test_add[failed]",""
"passed","Sun Jan 31 20:29:04 CST 2021","Sun Jan 31 20:29:04 CST 2021","1","testcases","test_calc","TestCalcutor","","","test_div[float]",""
